Property,Winter 2027,4/27/26,5/4/26,5/11/26,5/18/26,5/25/26,6/1/26,6/8/26,6/15/26,6/22/26,6/29/26,7/7/26,7/13/26,7/20/26,8/24/26,9/1/26,9/14/26,9/21/26,9/22/26,9/28/26,10/5/26,10/5/26
The Carriage House,234,33,45,53,67,70,71,78,79,85,90,101,106,109,132,139,133,154,165,169,223,11
Carriage House Townhouse,8,0,0,1,1,1,1,1,1,1,1,1,1,1,3,5,5,7,7,7,8,0
Avonlea House,14,2,5,5,6,6,8,8,9,9,9,9,9,10,14,14,14,14,14,14,14,0
Avonlea (W),66,4,15,20,21,23,23,26,27,31,35,39,42,45,55,61,61,63,63,62,59,5
Haven Blue,140,21,26,27,29,32,33,33,42,44,50,54,52,52,66,71,69,82,94,101,114,11
Haven House 179,7,3,3,3,3,5,5,5,4,4,3,3,3,3,3,3,3,4,4,4,5,1
Haven House 175,7,2,2,2,2,2,2,2,4,4,4,4,3,3,4,5,5,6,6,6,7,0
Haven House 163,7,1,2,2,2,2,2,2,2,2,2,2,2,2,3,4,4,5,6,6,7,0
Haven House 149,12,0,1,2,2,2,2,2,2,2,2,2,2,2,3,3,3,3,4,4,6,3
Haven White,24,2,4,4,4,5,5,5,8,8,10,10,10,10,12,14,13,14,17,21,22,2
Avonlea for Men,79,0,2,5,6,7,7,7,8,9,11,13,19,20,29,31,38,41,43,50,62,8
Haven House 129,6,0,0,0,0,0,0,0,0,0,0,0,0,0,1,1,1,1,2,2,4,1
Haven Green,48,3,4,4,7,7,7,7,7,10,13,15,15,15,18,19,19,20,31,36,46,2
Haven Red,48,1,1,2,4,6,9,9,11,11,12,12,12,12,18,19,21,26,34,34,43,3
Total,700,72,110,130,154,168,175,185,204,220,242,265,276,284,361,389,389,440,490,516,620,47,0
Percentage of Total,,10%,16%,19%,22%,24%,25%,26%,29%,31%,35%,38%,39%,41%,52%,56%,56%,63%,70%,74%,89%,7%,0%
Notes on the week:
Market Beds Sold,16244,0,0,0,0,0,0,0,0,3506,3715,3990,4126,4244,5199,5392,5807,6880,7185,7997,9529,0,0
