Property,Spring 2027,9/14/26,9/21/26,9/22/26,9/28/26,10/5/26,10/5/26
The Carriage House,234,43,56,60,60,77
Carriage House Townhouse,8,3,4,4,5,6
Avonlea House,14,3,3,3,4,4
Avonlea (W),66,11,13,16,16,19
Haven Blue,140,13,25,27,30,36
Haven House 179,7,1,1,2,2,3
Haven House 175,7,4,5,5,5,5
Haven House 163,7,0,0,0,0,0
Haven House 149,13,1,1,1,1,1
Haven White,24,5,6,8,8,9
Avonlea for Men,79,12,13,13,15,17
Haven House 129,6,0,0,1,1,1
Haven Green,48,2,4,7,10,12
Haven Red,48,4,5,5,5,5
Total,701,102,136,152,162,195,0
Percentage of Total,,15%,19%,22%,23%,28%,0%
Notes on the week:
Market Beds Sold,16244,0,0,0,0,0,0
