Property,Fall 2026,2/2/26,2/9/26,2/16/26,2/23/26,3/2/26,3/9/26,3/16/26,3/23/26,3/30/26,4/7/26,4/13/26,4/20/26,4/27/26,5/4/26,5/11/26,5/18/26,5/25/26,6/1/26,6/8/26,6/15/26,6/22/26,6/29/26,7/7/26,7/13/26,7/20/26,8/24/26,9/1/26
The Carriage House,234,8,61,88,113,135,165,198,209,225,230,232,234,234,234,234,234,232,233,234,233,233,230,230,230,230,231,234
Carriage House Townhouse,8,0,0,0,2,2,2,2,7,8,8,8,8,8,8,8,8,8,8,8,8,8,8,8,8,8,8,8
Avonlea House,14,3,6,7,10,11,11,11,12,12,12,12,12,13,13,14,14,13,13,14,13,13,14,14,14,14,14,14
Avonlea (W),66,13,17,32,39,46,51,52,54,55,61,61,62,63,63,63,64,64,64,65,66,66,66,65,63,65,66,66
Haven Blue,140,20,27,54,58,63,73,82,87,99,109,109,117,117,130,131,132,137,139,137,137,137,138,139,137,137,140,140
Haven House 179,7,1,2,5,5,5,5,5,5,5,6,6,6,6,7,7,6,5,5,4,6,6,6,6,6,6,7,7
Haven House 175,7,2,2,3,3,4,5,6,7,7,7,7,7,7,7,7,7,7,7,7,7,7,7,7,7,7,7,7
Haven House 163,7,0,1,2,3,3,3,3,3,3,5,5,6,6,6,6,7,7,7,7,7,7,7,7,7,7,7,7
Haven House 149,12,1,1,2,2,3,3,3,3,3,3,3,3,3,6,9,10,12,12,12,12,12,12,11,10,11,12,12
Haven White,24,2,3,6,9,10,11,11,11,12,19,19,22,22,23,24,24,24,24,24,24,24,23,24,23,23,24,24
Avonlea for Men,79,0,4,8,12,18,23,24,27,37,38,42,42,43,54,68,76,77,79,79,78,77,78,78,78,79,78,79
Haven House 129,6,0,0,0,0,0,0,0,0,0,0,0,0,0,0,0,0,0,0,0,0,0,2,4,4,6,6,6
Haven Green,48,1,2,13,17,17,18,22,22,29,29,29,31,31,38,39,45,47,48,48,47,47,48,48,48,48,48,48
Haven Red,48,3,6,10,10,10,10,12,12,16,15,15,18,18,21,24,32,42,46,47,48,48,48,48,48,48,47,48
Total,700,54,132,230,283,327,380,431,459,511,542,548,568,571,610,634,659,675,685,686,686,685,687,689,683,689,695,700
Percentage of Total,,8%,19%,33%,40%,47%,54%,62%,66%,73%,77%,78%,81%,82%,87%,91%,94%,96%,98%,98%,98%,98%,98%,98%,98%,98%,99%,100%
Notes on the week:
Market Beds Sold,16244,0,0,0,3624,4013,4381,4962,5498,6064,6559,6922,7348,7999,8923,9960,10900,11751,12528,13250,13700,14107,14420,14671,14812,14296,15686,15768
